{
  "accuracy": 0.5856,
  "precision": 0.011097708082026538,
  "recall": 0.5054945054945055,
  "f1": 0.021718602455146365,
  "positive_rate": 0.4145,
  "selected_count": 4145,
  "proxy_total": 91,
  "captured_proxy_count": 46
}