{
  "trial": 81,
  "method": "optuna",
  "weight_weather_risk_score": 0.596122512287347,
  "weight_spatial_risk_score": 0.40387748771265286,
  "train_accuracy": 0.5843,
  "train_precision": 0.4543333333333333,
  "train_recall": 0.35101725469997425,
  "train_f1": 0.3960482347813453,
  "train_positive_rate": 0.3,
  "train_selected_count": 3000,
  "train_proxy_total": 3883,
  "train_captured_proxy_count": 1363,
  "train_top_rate": 0.3,
  "train_threshold": 0.5219935557307901,
  "valid_accuracy": 0.6971,
  "valid_precision": 0.010333333333333333,
  "valid_recall": 0.34065934065934067,
  "valid_f1": 0.020058233581365253,
  "valid_positive_rate": 0.3,
  "valid_selected_count": 3000,
  "valid_proxy_total": 91,
  "valid_captured_proxy_count": 31,
  "valid_top_rate": 0.3,
  "valid_threshold": 0.5219935557307901
}